<?xml version="1.0" encoding="UTF-8"?>
<config xmlns="http://www.knime.org/2008/09/XMLConfig" xmlns:xsi="http://www.w3.org/2001/XMLSchema-instance" xsi:schemaLocation="http://www.knime.org/2008/09/XMLConfig http://www.knime.org/XMLConfig_2008_09.xsd" key="preprocessing">
    <config key="preprocColumns">
        <entry key="array-size" type="xint" value="36"/>
        <entry key="0" type="xstring" value="Quant_0002"/>
        <entry key="1" type="xstring" value="Quant_0006"/>
        <entry key="2" type="xstring" value="Valor_0006"/>
        <entry key="3" type="xstring" value="Quant_0007"/>
        <entry key="4" type="xstring" value="Valor_0007"/>
        <entry key="5" type="xstring" value="Quant_0010"/>
        <entry key="6" type="xstring" value="Valor_0010"/>
        <entry key="7" type="xstring" value="Quant_0018"/>
        <entry key="8" type="xstring" value="Quant_0022"/>
        <entry key="9" type="xstring" value="Valor_0022"/>
        <entry key="10" type="xstring" value="Quant_0024"/>
        <entry key="11" type="xstring" value="Quant_0036"/>
        <entry key="12" type="xstring" value="Valor_0036"/>
        <entry key="13" type="xstring" value="Quant_0038"/>
        <entry key="14" type="xstring" value="Valor_0038"/>
        <entry key="15" type="xstring" value="Quant_0040"/>
        <entry key="16" type="xstring" value="Valor_0040"/>
        <entry key="17" type="xstring" value="Quant_0044"/>
        <entry key="18" type="xstring" value="Quant_0047"/>
        <entry key="19" type="xstring" value="Quant_0051"/>
        <entry key="20" type="xstring" value="Valor_0051"/>
        <entry key="21" type="xstring" value="Quant_0052"/>
        <entry key="22" type="xstring" value="Valor_0052"/>
        <entry key="23" type="xstring" value="Quant_0053"/>
        <entry key="24" type="xstring" value="Quant_0056"/>
        <entry key="25" type="xstring" value="Valor_0056"/>
        <entry key="26" type="xstring" value="Quant_0061"/>
        <entry key="27" type="xstring" value="Valor_0061"/>
        <entry key="28" type="xstring" value="Quant_0070"/>
        <entry key="29" type="xstring" value="Valor_0070"/>
        <entry key="30" type="xstring" value="Quant_0089"/>
        <entry key="31" type="xstring" value="Quant_0111"/>
        <entry key="32" type="xstring" value="Valor_0111"/>
        <entry key="33" type="xstring" value="Proventos"/>
        <entry key="34" type="xstring" value="Descontos"/>
        <entry key="35" type="xstring" value="Liquido"/>
    </config>
</config>
